SNP,Locus,GWAS Reported Oveall OR,eAOO mean bootstrap OR,lAOO mean bootstrap OR,Early AOO vs. Late AOO Effect Difference,Difference 95% CI Lower,Difference 95% CI Upper,Difference T Statistic,P-value,Bonferroni Corrected P-Value
RS145954018,,,4.7039222131726,1.60689695883159,1.0666830029909,1.03275659382563,1.10060941215617,62.0950661605596,1.48567516012158e-113,7.13124076858358e-112
RS114448410,,,2.30348104409847,1.59660687448065,0.356506265733191,0.339155575081531,0.37385695638485,40.5333578551597,1.13246661640299e-94,5.43583975873438e-93
RS4268748,MC1R,1.37419266232088,1.56066728325884,1.2756513449465,0.203138504507127,0.181357336989702,0.224919672024552,18.3976631270006,6.5041854563166e-44,3.12200901903197e-42
RS2687812,SLA,1.21200000042769,1.08419893456702,1.25472158719942,-0.143396387701311,-0.160979081143142,-0.12581369425948,-16.0994378421551,5.42063171254116e-36,2.60190322201976e-34
RS2111485,IFIH1,1.33994372257163,1.50136972263339,1.30197927658325,0.144465038874315,0.126027747954406,0.162902329794224,15.4580090615093,3.44657036345299e-35,1.65435377445744e-33
RS12482904,UBASH3A,1.42500000039813,1.27277213331319,1.49160083534612,-0.155816483262376,-0.176575690538088,-0.135057275986663,-14.8167815242664,2.00225231005811e-32,9.61081108827893e-31
RS4308124,BCL2L11,1.17000000022269,1.21898410272091,1.08678359533642,0.117092275509351,0.100977495592258,0.133207055426444,14.3441275231364,4.93585175301977e-31,2.36920884144949e-29
RS35161626,UBE2E2,1.15313653102311,1.09949544943301,1.23097533419371,-0.110524422262326,-0.12713732481591,-0.0939115197087412,-13.1224134070428,1.76124622606468e-28,8.45398188511046e-27
RS12771452,CASP7,1.19976004824081,1.29666138104891,1.12874162876675,0.137259091571108,0.116608242085592,0.157909941056625,13.1135667539906,3.69162456786293e-28,1.77197979257421e-26
RS10087240,PVT SNP,1.17999999943646,1.05980244865854,1.19942647599278,-0.118590084597876,-0.136756309649148,-0.100423859546603,-12.8787681963013,1.57553848315136e-27,7.56258471912653e-26
RS2247314,RNASET2-FGFR1OP-CCR6,1.25833647912923,1.39014953599953,1.22483107817235,0.131324435502038,0.109779700222145,0.152869170781931,12.026820486033,6.80151258955897e-25,3.2647260429883e-23
RS1043101,CD44-SLC1A2,1.23499999990127,1.10346108583707,1.23381302584956,-0.11015040444583,-0.128998619354425,-0.091302189537236,-11.5321582528593,2.3029145491073e-23,1.1053989835715e-21
RS10986311,NEK6,1.15799999982537,1.22401481019623,1.10010430986712,0.111474414602843,0.092103997152094,0.130844832053592,11.3567193007794,8.05123465944046e-23,3.86459263653142e-21
RS6012953,PTPN1,1.16300000053902,1.04876284256691,1.1639512438291,-0.103852905630234,-0.123421652807056,-0.0842841584534128,-10.4760729626905,3.87439649965864e-20,1.85971031983615e-18
RS71508903,ARID5B,1.18200000001902,1.07600004478751,1.21472431172979,-0.109074827211549,-0.13068178680964,-0.0874678676134582,-9.96479985034768,1.00554231551306e-18,4.82660311446271e-17
RS9611565,ZC3H7B-TEF,1.28320287420426,1.23110406266019,1.37328213228369,-0.119578321323933,-0.143653077584553,-0.0955035650633126,-9.80630186604151,3.31495753770056e-18,1.59117961809627e-16
RS72928038,BACH2,1.27500000049675,1.08629951700737,1.20764094564428,-0.105767185273196,-0.129548813735847,-0.0819855568105445,-8.77576002447716,1.27780069564624e-15,6.13344333910194e-14
RS41342147,FARP2,1.2553351741971,1.14339411097402,1.28604547318907,-0.122635730139593,-0.152354264636004,-0.092917195643183,-8.14124514026166,5.64135493494263e-14,2.70785036877246e-12
RS60131261,HLA-A,1.53199999951221,1.60773326092708,1.47688559782608,0.0779645180760504,0.0581630426529867,0.0977659934991141,7.77139314908274,6.62945621103414e-13,3.18213898129639e-11
RS34346645,FOXP1,1.24750499045467,1.18119149995176,1.26132752020713,-0.0683333141609891,-0.0861847094430274,-0.0504819188789508,-7.55177326099087,1.88484035336196e-12,9.04723369613742e-11
RS11021232,Gene desert,1.3809999994101,1.38589166288625,1.27000191528721,0.0861664812039769,0.0633989365725414,0.108934025835412,7.47121564507823,4.0641087513807e-12,1.95077220066274e-10
RS78037977,FASLG,1.33299999973797,1.3748984441356,1.28762821168861,0.0649527953252465,0.0375004300180969,0.0924051606323961,4.67230355854999,6.23770881755178e-06,0.000299410023242486
RS10200159,PPP4R3B,1.48400000037814,1.41866294694423,1.52526555541103,-0.0729444253325566,-0.105080704528105,-0.0408081461370084,-4.47816904645095,1.31620598177682e-05,0.000631778871252873
RS6059655,RALY-ASIP,1.58302991914282,1.54779235675126,1.39924565255443,0.0977143601702184,0.0530073640357783,0.142421356304658,4.31265390664074,2.64715146824999e-05,0.00127063270475999
RS706779,IL2RA,1.34462820993293,1.37894933554646,1.33171398460975,0.0390215211251542,0.0211495150780041,0.0568935271723043,4.31035360338252,2.76685425100029e-05,0.00132809004048014
RS117744081,CPVL,1.94900000092495,1.60864744887848,1.76418704532079,-0.103563389649637,-0.15251171121018,-0.0546150680890945,-4.17582983287016,4.68344951202573e-05,0.00224805576577235
RS1031034,PPP3CA,1.16238521404762,1.17360213819028,1.13566687367055,0.0426797460901291,0.0219509424960076,0.0634085496842507,4.06245702330316,7.20702666875161e-05,0.00345937280100077
RS1126809,TYR,1.50330727651328,1.47187561168962,1.40743627184527,0.0393166646309667,0.0190135005697709,0.0596198286921626,3.82094162086093,0.000182520844050156,0.00876100051440746
RS2476601,PTPN22,1.39100000008164,1.36874776841086,1.4334210981581,-0.0505697128726123,-0.0769610181844599,-0.0241784075607648,-3.78190522204931,0.000213793019128211,0.0102620649181541
RS2017445,IKZF4,1.30999999972089,1.33501624682391,1.2832892938734,0.0383581587320251,0.0183362089613833,0.0583801085026669,3.78374755133284,0.000218502845690055,0.0104881365931226
RS12421615,PLCB3-BAD-GPR137,1.15194102109852,1.14204512730516,1.10650890589918,0.0345012209721065,0.0157281484897774,0.0532742934544356,3.62431109440146,0.000368826760480906,0.0177036845030835
RS231725,CTLA4,1.18300000000444,1.1981849698511,1.15948914416841,0.0317521056484532,0.0123871993127651,0.0511170119841413,3.23710270252091,0.00145578333564921,0.0698776001111622
RS301807,RERE,1.22399999988968,1.18973491667158,1.15845440060928,0.028699868945139,0.0106770178966848,0.0467227199935931,3.14194926716142,0.001959138585955,0.0940386521258399
RS16843742,PTPRC,1.22639195536303,1.15306230743555,1.20787675237704,-0.0371354659516422,-0.0611510754330967,-0.0131198564701878,-3.0535258967589,0.00264480828171781,0.126950797522455
RS13076312,LPP,1.31799999989414,1.33029837834703,1.3019777195684,0.0292510076338649,0.0100899350389144,0.0484120802288155,3.01195499144348,0.00296269856061864,0.142209530909695
RS2304206,IRF3-BCL2L12,1.22115032396386,1.23000670251854,1.20780210578268,0.0265890285866079,0.00517419279007639,0.0480038643831395,2.44983661391545,0.0152395173211491,0.731496831415154
RS229527,C1QTNF6,1.33800000039332,1.3503947507584,1.31588314623389,0.0205676120931006,0.00208741323898646,0.0390478109472148,2.19589037796635,0.0293588344107368,1
RS10774624,SH2B3,1.24564025901849,1.2377723212455,1.25929036282252,-0.0190491032896615,-0.0374209640637471,-0.000677242515575889,-2.04514503599415,0.042209094472499,1
RS11079035,RAB5C,1.18399999945321,1.14062669327659,1.10995156389386,0.0221032413121126,-0.00173914059058621,0.0459456232148115,1.82985226187784,0.0690004362318235,1
RS148136154,CD80,1.37000000021915,1.25929485132633,1.22537241063694,0.0209657311457703,-0.00407378290762893,0.0460052451991695,1.6522386267076,0.100235597446647,1
RS12203592,IRF4,1.19274809110763,1.08917621492425,1.11079879307308,-0.0225424513581199,-0.0519432691041972,0.0068583663879574,-1.51385170871865,0.131974490090764,1
RS35860234,TTBK2,1.15799999982537,1.13932159239766,1.1183020072416,0.0134192702569812,-0.00628615443989037,0.0331246949538527,1.34390066740028,0.180698549443551,1
RS78521699,SERPINB9,1.26646403259516,1.20124747763655,1.21181502076894,-0.0185933231257072,-0.0501623423697674,0.0129756961183529,-1.16171605463336,0.246798096868497,1
RS8192917,GZMB,1.22999999952728,1.2397916742051,1.25137319520887,-0.0105466348573724,-0.0312861195688041,0.0101928498540593,-1.00337282898319,0.317013520986801,1
RS4807000,TICAM1,1.18999999985311,1.14235690149999,1.13872553170939,0.00704106826356468,-0.011130781950244,0.0252129184773734,0.764429864478935,0.445584977713667,1
RS1635168,OCA2-HERC2,1.42600000001126,1.4304286337629,1.40240916199979,0.0107662915626465,-0.0220466324625752,0.0435792155878682,0.647472604508057,0.5181572928755,1
RS6583331,NRROS,1.16387337031246,1.18026341919225,1.1852234355281,-0.00414321099495704,-0.0220029766276644,0.0137165546377503,-0.457736950175635,0.647689132067602,1
RS8083511,TNFRSF11A,1.2369999994924,1.20872485141983,1.20279325523914,0.00159192735804072,-0.0205310012485751,0.0237148559646565,0.142119678183987,0.88716579311571,1
